[
	{
		"key": "dbln",
		"value": "%7B%22100006462752972%22%3A%22fi0EkGPl%22%7D",
		"domain": "facebook.com",
		"path": "/login/device-based/",
		"hostOnly": false,
		"creation": "2026-02-22T07:55:59.909Z",
		"lastAccessed": "2026-02-22T07:55:59.909Z"
	},
	{
		"key": "datr",
		"value": "2CaJaRVaZKoqMse6IKo7un2-",
		"domain": "facebook.com",
		"path": "/",
		"hostOnly": false,
		"creation": "2026-02-22T07:55:59.909Z",
		"lastAccessed": "2026-02-22T07:55:59.909Z"
	},
	{
		"key": "sb",
		"value": "2CaJaUhHGGTXUlOn-1636jeM",
		"domain": "facebook.com",
		"path": "/",
		"hostOnly": false,
		"creation": "2026-02-22T07:55:59.909Z",
		"lastAccessed": "2026-02-22T07:55:59.909Z"
	},
	{
		"key": "ps_l",
		"value": "1",
		"domain": "facebook.com",
		"path": "/",
		"hostOnly": false,
		"creation": "2026-02-22T07:55:59.909Z",
		"lastAccessed": "2026-02-22T07:55:59.909Z"
	},
	{
		"key": "ps_n",
		"value": "1",
		"domain": "facebook.com",
		"path": "/",
		"hostOnly": false,
		"creation": "2026-02-22T07:55:59.909Z",
		"lastAccessed": "2026-02-22T07:55:59.909Z"
	},
	{
		"key": "pas",
		"value": "100006462752972%3AGceLqiI4wZ",
		"domain": "facebook.com",
		"path": "/",
		"hostOnly": false,
		"creation": "2026-02-22T07:55:59.909Z",
		"lastAccessed": "2026-02-22T07:55:59.909Z"
	},
	{
		"key": "wl_cbv",
		"value": "v2%3Bclient_version%3A3085%3Btimestamp%3A1771025764",
		"domain": "facebook.com",
		"path": "/",
		"hostOnly": false,
		"creation": "2026-02-22T07:55:59.909Z",
		"lastAccessed": "2026-02-22T07:55:59.909Z"
	},
	{
		"key": "vpd",
		"value": "v1%3B824x400x2",
		"domain": "facebook.com",
		"path": "/",
		"hostOnly": false,
		"creation": "2026-02-22T07:55:59.909Z",
		"lastAccessed": "2026-02-22T07:55:59.909Z"
	},
	{
		"key": "locale",
		"value": "vi_VN",
		"domain": "facebook.com",
		"path": "/",
		"hostOnly": false,
		"creation": "2026-02-22T07:55:59.909Z",
		"lastAccessed": "2026-02-22T07:55:59.909Z"
	},
	{
		"key": "c_user",
		"value": "100006462752972",
		"domain": "facebook.com",
		"path": "/",
		"hostOnly": false,
		"creation": "2026-02-22T07:55:59.909Z",
		"lastAccessed": "2026-02-22T07:55:59.909Z"
	},
	{
		"key": "wd",
		"value": "1920x911",
		"domain": "facebook.com",
		"path": "/",
		"hostOnly": false,
		"creation": "2026-02-22T07:55:59.909Z",
		"lastAccessed": "2026-02-22T07:55:59.910Z"
	},
	{
		"key": "xs",
		"value": "29%3A7DL0iLVTvXOk9g%3A2%3A1771718728%3A-1%3A-1%3A%3AAcyQnsTqgNwOBd4zInmMvttT8C_rWxGNsPD4suMYS2c",
		"domain": "facebook.com",
		"path": "/",
		"hostOnly": false,
		"creation": "2026-02-22T07:55:59.910Z",
		"lastAccessed": "2026-02-22T07:55:59.910Z"
	},
	{
		"key": "fr",
		"value": "2vCDiRjrBhIZZDBhD.AWfhbrijRKzU88yujR5eyQ2AkVZoP_naXKniqc9TWj9FtAxnwsI.BpmrVE..AAA.0.0.BpmrVI.AWcXtGF-14ZhVoOAYJ5X9Gvwcqw",
		"domain": "facebook.com",
		"path": "/",
		"hostOnly": false,
		"creation": "2026-02-22T07:55:59.910Z",
		"lastAccessed": "2026-02-22T07:55:59.910Z"
	},
	{
		"key": "presence",
		"value": "C%7B%22t3%22%3A%5B%5D%2C%22utc3%22%3A1771746633552%2C%22v%22%3A1%7D",
		"domain": "facebook.com",
		"path": "/",
		"hostOnly": false,
		"creation": "2026-02-22T07:55:59.910Z",
		"lastAccessed": "2026-02-22T07:55:59.910Z"
	},
	{
		"key": "ar_debug",
		"value": "1",
		"domain": "facebook.com",
		"path": "/",
		"hostOnly": false,
		"creation": "2026-02-22T07:55:59.910Z",
		"lastAccessed": "2026-02-22T07:55:59.910Z"
	}
]