{
    "APPSTATE_PATH": "./appstate.json",
    "APPSTATE_PROTECTION": true,
    "AUTO_PING_SERVER": false,
    "ALLOW_INBOX": true,
    "DATABASE": "JSON",
    "DATABASE_JSON_BEAUTIFY": false,
    "FCA_OPTIONS": {
        "pauseLog": true,
        "logLevel": "silent",
        "selfListen": true,
        "listenEvents": true,
        "forceLogin": true,
        "userAgent": "Mozilla/5.0 (Linux; Android 9; SM-G973U Build/PPR1.180610.011) AppleWebKit/537.36 (KHTML, like Gecko) Chrome/69.0.3497.100 Mobile Safari/537.36"
    },
    "LANGUAGE": "vi_VN",
    "LOG_LEVEL": 0,
    "MODERATORS": [
        "100006462752972"
    ],
    "ABSOLUTES": [
        "100006462752972"
    ],
    "NAME": "Alphabot V2 - CHIẾN THẦN SÀN WAR",
    "PREFIX": " ",
    "timezone": "Asia/Ho_Chi_Minh",
    "REFRESH": "86400000",
    "GBOTWAR_OPTIONS": {
        "MINIMAL_MODE": true,
        "WEBVIEW": false,
        "LISTEN_CONSOLE": true,
        "REGBOX_AMOUNT": 50,
        "NOTIFICATION_DISPLAY": false,
        "ALERT_UPDATE": false,
        "ALLOW_EVAL_COMMAND": false,
        "DISABLED_COMMAND_CATEGORIES": [],
        "DISABLED_COMMANDS": [
            "run",
            "taobox",
            "taoboxv2"
        ],
        "DISABLED_ONMESSAGE": [],
        "DISABLED_EVENTS": [],
        "DISABLED_CUSTOMS": []
    },
    "GBOTWAR_CONFIG": {
        "OTP_KEY": "",
        "REGBOX_AMOUNT": 50
    },
    "GBOTWAR_MESSAGE": {
        "notiWelecome": "Địt Mẹ Các Con Tránh Ra Bố Tới Rồi Đây",
        "notiApprove": "Trùm sàn war đã được phê duyệt để tham chiến",
        "notiAutoRegBox": "Đây là auto regbox",
        "SPAM_STOP": "Tạm tha cho chúng mày đó",
        "SPAM_START": "Spam đọ đi mấy con óc lồn bại trận!",
        "GONHAY_STOP": "Chúng mày tuổi lồn mà nhây với tao"
    },
    "GBOTWAR_ACTIVE": {
        "KEY_ACTIVE": "GSFREEALPHABOT",
        "EMAIL": ""
    },
    "PLUGINS_CONFIG": {
        "chuilientuc": {
            "DELAY": 2000,
            "DELAY_THREAD": 60000
        },
        "chuilientuc2": {
            "DELAY": 2000,
            "DELAY_THREAD": 60000
        },
        "chuilientuc3": {
            "DELAY": 2000,
            "DELAY_THREAD": 60000
        },
        "chuilientuc4": {
            "DELAY": 2000,
            "DELAY_THREAD": 60000
        },
        "gonhay": {
            "time": 2000
        },
        "spam": {
            "time": 2000
        },
        "spamv2": {
            "time": 2000
        }
    }
}